id,glyph_modern,glyph_trad,pinyin,pinyin_tone,radical,pictograph_type,geometry,semantics,evolution,svg_jiaguwen,svg_modern,svg_url,thumbnail_url,meaning_zh,meaning_en,mnemonic_zh,mnemonic_en,embedding,inscription_count,verified,source,created_at,updated_at,meaning_it,strokes,difficulty,set_id,status,mnemonic_image_url,mnemonic_svg,mnemonic_story_en,mnemonic_story_zh,mnemonic_story_it,etymology,mnemonic_it,stroke_count,example_word_zh,example_word_en,illustration_url,glyph_oracle,tags,source_id,image_url,visual_description,hsk_level,renjiao_grade,renjiao_lesson,renjiao_type,ai_filled_at,human_edited_at,ai_confidence,needs_review,first_source_label
9a96ac95-6d2a-4b26-a511-c97e87ed863a,家,null,jiā,null,宀,pictogram,{},{},{},null,null,null,null,家庭或家。,Home or family.,屋顶下的猪代表古代家庭的财富和安全。,A pig under a roof represents the wealth and security of home in ancient times.,null,0,false,Shuowen Jiezi + HJ corpus,2026-04-08 16:48:40.287688+00,2026-04-08 16:48:40.287688+00,Casa o famiglia.,null,3,places,draft,null,null,null,null,null,"The oracle bone form shows the roof radical 宀 over a pig 豕, as pigs were valuable domestic animals kept at home. This compound ideograph represents the concept of home through the shelter and livestock that defined ancient households.",Un maiale sotto un tetto rappresenta la ricchezza e la sicurezza della casa nei tempi antichi.,10,家人,family members,null,null,[],null,https://yqcojudvvjntaajnrilr.supabase.co/storage/v1/object/public/illustrations/char_9a96ac95-6d2a-4b26-a511-c97e87ed863a_cartoon_1776506271627.png,null,null,null,null,null,null,null,null,false,null
4eee767c-1455-4fa1-a387-2193dcd91a64,从,null,cóng,null,人,pictogram,{},{},{},null,null,null,null,跟随或从。,To follow or from.,两个人一前一后走，表示跟随的动作。,"Two people walking one behind the other, showing the act of following.",null,0,false,Shuowen Jiezi + HJ corpus,2026-04-08 16:48:40.469785+00,2026-04-08 16:48:40.469785+00,Seguire o da.,null,2,actions,draft,null,null,null,null,null,"The oracle bone script shows two human figures, one following behind the other, creating an ideographic representation of the concept 'to follow'. This compound ideograph uses repeated elements to convey abstract meaning through concrete imagery.","Due persone che camminano una dietro l'altra, mostrando l'atto di seguire.",4,从来,always,null,null,[],null,https://yqcojudvvjntaajnrilr.supabase.co/storage/v1/object/public/illustrations/char_4eee767c-1455-4fa1-a387-2193dcd91a64_cartoon_1776506473382.png,null,null,null,null,null,null,null,null,false,null
e7eca6de-4b6e-4d8a-9648-72ab86aff72f,七,null,qī,null,null,ideogram,{},{},{},null,null,null,null,数字七，表示数量为七的概念。,"The number seven, representing the quantity or concept of seven.",看起来像被砍断的刀，七次重击后折断。,"Looks like a knife that has been cut, breaking after seven strikes.",null,0,false,Shuowen Jiezi + HJ corpus,2026-04-08 15:22:56.778051+00,2026-04-08 15:22:56.778051+00,"Il numero sette, che rappresenta la quantità o il concetto di sette.",null,1,numbers,draft,null,null,null,null,null,null,"Sembra un coltello che è stato tagliato, spezzandosi dopo sette colpi.",2,null,null,null,null,[],null,https://yqcojudvvjntaajnrilr.supabase.co/storage/v1/object/public/illustrations/char_e7eca6de-4b6e-4d8a-9648-72ab86aff72f_cartoon_1776506223630.png,null,null,null,null,null,null,null,null,false,null
e7debb1b-2046-4303-a0a8-f34e3d2ff51f,萬,null,wàn,null,艸,pictogram,{},{},{},null,null,null,null,一万，代表巨大的数量或万物。,"Ten thousand, representing an enormous quantity or myriad things.",上面是草字头下面像蝎子 - 草丛中蝎子多得数不清。,A scorpion with grass radical on top - so many scorpions in the grass you can't count them all.,null,0,false,Shuowen Jiezi + HJ corpus,2026-04-08 16:49:34.245604+00,2026-04-08 16:49:34.245604+00,"Diecimila, che rappresenta una quantità enorme o una miriade di cose.",null,3,numbers,draft,null,null,null,null,null,"In oracle bone script, 萬 was depicted as a scorpion-like creature, possibly representing the idea of countless small creatures. The connection between the scorpion image and the concept of 'ten thousand' likely arose from the notion of swarming or countless numbers, as scorpions were seen as creatures that appeared in great multitudes.",Uno scorpione con il radicale dell'erba sopra - così tanti scorpioni nell'erba che non puoi contarli tutti.,13,萬歲,long live,null,null,[],null,null,null,null,null,null,null,null,null,null,false,null
5b90a559-cd81-49e6-8f92-72e1b183fd8c,九,null,jiǔ,null,null,ideogram,{},{},{},null,null,null,null,数字九，表示八加一的数量。,"The number nine, representing the quantity of eight plus one.",null,Nine looks like a person bending over with their arm curved at a ninety-degree angle.,null,0,false,Shuowen Jiezi + HJ corpus,2026-04-08 17:14:04.762492+00,2026-04-08 17:14:04.762492+00,"Il numero nove, che rappresenta la quantità di otto più uno.",null,1,numbers,draft,null,null,null,null,null,null,null,2,null,null,null,null,[],null,null,null,null,null,null,null,null,null,null,false,null
eb7653d9-d431-4195-8485-b5121f6fdb0d,六,null,liu4,null,null,ideogram,{},{},{},null,null,null,null,数词，表示数量六。基本数字之一。,The number six. One of the basic numerals.,null,"Six looks like a roof with a dot underneath, remember a house with six faces",null,0,false,Shuowen Jiezi + HJ corpus,2026-04-08 18:09:46.528974+00,2026-04-08 18:09:46.528974+00,Il numero sei. Uno dei numeri fondamentali.,null,1,numbers,draft,null,null,null,null,null,null,null,4,null,null,null,null,[],null,null,null,null,null,null,null,null,null,null,false,null
2753ef05-43f1-43cc-ab80-80575726e234,手,null,shǒu,null,手,pictogram,{},{},{},null,null,null,null,人的手，用来抓握和操作物体。,The human hand used for grasping and manipulating objects.,五个手指从手掌伸出，准备抓握。,"Five fingers extending from a palm, ready to grasp.",null,0,false,Shuowen Jiezi + HJ corpus,2026-04-08 18:10:20.28837+00,2026-04-08 18:10:20.28837+00,La mano umana usata per afferrare e manipolare oggetti.,null,2,body,draft,null,null,null,null,null,The oracle bone form showed a hand with clearly defined fingers and palm. The character evolved to become more angular while maintaining the basic hand structure.,"Cinque dita che si estendono dal palmo, pronte ad afferrare.",4,左手,left hand,null,null,[],null,null,null,null,null,null,null,null,null,null,false,null
e5195fc0-db2c-4b00-b5ed-b56b6f08d875,日,null,rì,null,日,pictogram,{},{},{},null,null,null,null,太阳或白天。,The sun or day.,圆圈中间有一点，像太阳里面有黑子。,A circle with a dot in the middle looks like the sun with a sunspot.,null,0,false,Shuowen Jiezi + HJ corpus,2026-04-08 21:19:27.166832+00,2026-04-08 21:19:27.166832+00,Il sole o il giorno.,null,1,nature,draft,null,null,null,null,null,"In oracle bone script, this character depicted a circular sun with a central dot or line. The modern square form evolved from the original round shape through centuries of stylization.",Un cerchio con un punto al centro sembra il sole con una macchia solare.,4,日光,sunlight,null,null,[],null,null,null,null,null,null,null,null,null,null,false,null
50c7ce75-6393-464f-a9b7-738acfe7ed44,鸟,null,niǎo,null,鸟,pictogram,{},{},{},null,null,null,null,鸟类动物。,A bird.,字形像展开翅膀、垂下双腿的小鸟。,The character looks like a bird with spread wings and dangling legs.,null,0,false,Shuowen Jiezi + HJ corpus,2026-04-08 21:19:27.344627+00,2026-04-08 21:19:27.344627+00,Un uccello.,null,1,animals,draft,null,null,null,null,null,"Oracle bone script showed a detailed bird profile with head, body, wings, and tail clearly visible. The modern simplified form retains the basic bird silhouette but with fewer strokes.",Il carattere assomiglia a un uccello con le ali spiegate e le zampe penzoloni.,5,小鸟,little bird,null,null,[],null,null,null,null,null,null,null,null,null,null,false,null
b8c8b734-a6d4-48c0-8e42-c7a0b1475f77,马,null,mǎ,null,马,pictogram,{},{},{},null,null,null,null,马匹。,A horse.,三笔勾勒出马儿飘逸的鬃毛侧影。,Three strokes show a horse's flowing mane from the side.,null,0,false,Shuowen Jiezi + HJ corpus,2026-04-08 21:19:27.507576+00,2026-04-08 21:19:27.507576+00,Un cavallo.,null,2,animals,draft,null,null,null,null,null,"In oracle bone script, this was a detailed side view of a horse showing the head, mane, body, and legs. The simplified modern form captures just the essence of the horse's distinctive mane.",Tre tratti mostrano la criniera fluente di un cavallo di profilo.,3,白马,white horse,null,null,[],null,null,null,null,null,null,null,null,null,null,false,null
8edff9bf-85cb-410e-a9a0-aba836027414,看,null,kàn,null,目,pictogram,{},{},{},null,null,null,null,观看或注视。,To look at or watch.,用手遮住眼睛上方，努力看清远处的东西。,A hand shading the eyes to get a better look at something.,null,0,false,Shuowen Jiezi + HJ corpus,2026-04-08 21:19:27.666806+00,2026-04-08 21:19:27.666806+00,Guardare o osservare.,null,2,actions,draft,null,null,null,null,null,"Oracle bone script combined the eye radical with a hand gesture, literally showing someone using their hand to shade their eyes while looking. This composite meaning of 'to look carefully' has remained unchanged for millennia.",Una mano che fa ombra agli occhi per vedere meglio qualcosa.,9,看书,read a book,null,null,[],null,null,null,null,null,null,null,null,null,null,false,null
e54a980a-61e5-4fa5-bfff-a6d10eb891a3,人,null,rén,null,人,pictogram,{},{},{},null,null,null,null,指人类或个体的人。,A human being or person.,像一个人张开双腿走路的样子。,A stick figure person with two legs walking forward.,null,0,false,Shuowen Jiezi + HJ corpus,2026-04-08 22:47:24.930111+00,2026-04-08 22:47:24.930111+00,Un essere umano o una persona.,null,1,body,draft,null,null,null,null,null,The oracle bone form depicts a standing human figure in profile with arms and legs clearly visible. This is one of the most fundamental pictographic characters showing the human form.,Una figura stilizzata di persona con due gambe che cammina in avanti.,2,人民,people,null,null,[],null,null,null,null,null,null,null,null,null,null,false,null
93f55f6f-50fb-4827-ae9c-6ea7ea580311,目,null,mù,null,目,pictogram,{},{},{},null,null,null,null,指眼睛，用来看东西的器官。,"The eye, used for seeing and vision.",像一只竖立的眼睛，中间有眼珠。,A rectangular eye with a pupil in the center looking straight at you.,null,0,false,Shuowen Jiezi + HJ corpus,2026-04-08 22:47:25.082652+00,2026-04-08 22:47:25.082652+00,"L'occhio, usato per vedere e la visione.",null,1,body,draft,null,null,null,null,null,The oracle bone character clearly shows an eye in vertical orientation with the pupil depicted as a dark center. The shape evolved from a realistic representation of a human eye viewed frontally.,Un occhio rettangolare con la pupilla al centro che ti guarda dritto.,5,眼目,eyes,null,null,[],null,null,null,null,null,null,null,null,null,null,false,null
671fddb3-682f-49d0-be1e-dc2081f57051,口,null,kǒu,null,口,pictogram,{},{},{},null,null,null,null,指嘴巴，用来吃饭和说话的器官。,"The mouth, opening for eating and speaking.",像张开的嘴巴的方形开口。,A square opening like an open mouth ready to speak or eat.,null,0,false,Shuowen Jiezi + HJ corpus,2026-04-08 22:47:25.2599+00,2026-04-08 22:47:25.2599+00,"La bocca, apertura per mangiare e parlare.",null,2,body,draft,null,null,null,null,null,The oracle bone form shows a simple rectangular or circular opening representing the human mouth. This pictograph directly depicts the mouth as a hollow opening in the face.,Un'apertura quadrata come una bocca aperta pronta a parlare o mangiare.,3,人口,population,null,null,[],null,null,null,null,null,null,null,null,null,null,false,null
08db7d9d-67e3-4c11-b65d-c2d070df5453,心,null,xīn,null,心,pictogram,{},{},{},null,null,null,null,指心脏，也指情感和思想的中心。,"The heart, center of emotions and feelings.",像心脏的形状，有心室和血管分支。,The anatomical heart with chambers and vessels branching out.,null,0,false,Shuowen Jiezi + HJ corpus,2026-04-08 22:47:25.426173+00,2026-04-08 22:47:25.426173+00,"Il cuore, centro delle emozioni e dei sentimenti.",null,2,body,draft,null,null,null,null,null,"The oracle bone character depicts the physical heart organ with its distinctive shape and internal divisions. Ancient Chinese saw the heart as the seat of thought and emotion, not just a physical organ.",Il cuore anatomico con camere e vasi che si diramano.,4,心情,mood,null,null,[],null,null,null,null,null,null,null,null,null,null,false,null
4978444d-6be3-4a05-b6df-0cb401ff2542,龟,null,guī,null,龟,pictogram,{},{},{},null,null,null,null,龟类爬行动物。,A turtle or tortoise.,字形像龟壳上伸出头部，还能看到四肢。,The character resembles a turtle shell with a head poking out and legs visible.,null,0,false,Shuowen Jiezi + HJ corpus,2026-04-08 21:19:27.830384+00,2026-04-08 21:19:27.830384+00,Una tartaruga.,null,3,animals,draft,null,null,null,null,null,"Oracle bone script depicted a remarkably detailed turtle from above, showing the distinctive shell pattern, head, and four legs. Ancient Chinese used turtle shells for divination, making this character especially important in early writing.",Il carattere ricorda un guscio di tartaruga con la testa che sporge e le zampe visibili.,7,乌龟,black turtle,null,null,[],null,null,null,null,null,null,null,null,null,null,false,null
884c7d1f-cc51-4b68-85e0-c756931b9682,一,null,yī,null,一,pictogram,{},{},{},null,null,null,null,数字一，代表统一和万物的开始。,"The number one, representing unity and the beginning of all things.",一条横线就像竖起的一根手指。,A single horizontal line like one finger held up.,null,0,false,Shuowen Jiezi + HJ corpus,2026-04-08 21:19:59.454916+00,2026-04-08 21:19:59.454916+00,"Il numero uno, che rappresenta l'unità e l'inizio di tutte le cose.",null,1,numbers,draft,null,null,null,null,null,"In oracle bone script, it was written as a simple horizontal line. This represents the concept of oneness and unity in its most basic form.",Una linea orizzontale come un dito alzato.,1,一天,one day,null,null,[],null,null,null,null,null,null,null,null,null,null,false,null
47111b57-ab6c-49a3-903c-36c89765d17e,二,null,èr,null,二,pictogram,{},{},{},null,null,null,null,数字二，代表对偶和成双。,"The number two, representing duality and pairs.",两条平行线就像并排竖起的两根手指。,Two parallel lines like two fingers held up together.,null,0,false,Shuowen Jiezi + HJ corpus,2026-04-08 21:19:59.62245+00,2026-04-08 21:19:59.62245+00,"Il numero due, che rappresenta la dualità e le coppie.",null,1,numbers,draft,null,null,null,null,null,Oracle bone script showed two horizontal lines stacked vertically. This directly represents the quantity two through visual duplication.,Due linee parallele come due dita alzate insieme.,2,二月,February,null,null,[],null,null,null,null,null,null,null,null,null,null,false,null
9040b0a5-9ab6-4be1-9eb5-a4e5fc9caeed,五,null,wǔ,null,二,pictogram,{},{},{},null,null,null,null,数字五，常与中国哲学中的五行相关联。,"The number five, often associated with the five elements in Chinese philosophy.",两横被竖笔交叉，像用五个手指数数。,"Two horizontal lines crossed by vertical strokes, like counting on five fingers.",null,0,false,Shuowen Jiezi + HJ corpus,2026-04-08 21:19:59.782455+00,2026-04-08 21:19:59.782455+00,"Il numero cinque, spesso associato ai cinque elementi nella filosofia cinese.",null,2,numbers,draft,null,null,null,null,null,The oracle bone form resembled crossed lines representing the intersection of heaven and earth. It evolved to represent the middle number in the ancient counting system of ten.,"Due linee orizzontali attraversate da tratti verticali, come contare con cinque dita.",4,五月,May,null,null,[],null,null,null,null,null,null,null,null,null,null,false,null
0f69cc1a-f0e3-4d7c-be74-2d1f172b7f0d,八,null,bā,null,八,pictogram,{},{},{},null,null,null,null,数字八，在中国文化中被认为是幸运数字。,"The number eight, considered a lucky number in Chinese culture.",两笔分开，像把东西分成八份。,"Two strokes dividing apart, like splitting something into eight pieces.",null,0,false,Shuowen Jiezi + HJ corpus,2026-04-08 21:19:59.941124+00,2026-04-08 21:19:59.941124+00,"Il numero otto, considerato un numero fortunato nella cultura cinese.",null,2,numbers,draft,null,null,null,null,null,"In oracle bones, it appeared as two diverging lines representing division or separation. The shape suggested the concept of splitting or branching into multiple parts, eventually representing eight.","Due tratti che si dividono, come dividere qualcosa in otto pezzi.",2,八月,August,null,null,[],null,null,null,null,null,null,null,null,null,null,false,null
49a7abfb-3d8b-4b47-89d3-cb188d84d2c1,千,null,qiān,null,十,pictogram,{},{},{},null,null,null,null,数字一千，代表大量。,"The number one thousand, representing a large quantity.",一个人（人）头上有横线，承载着千的重量。,"A person (人) with a horizontal line above, carrying the weight of a thousand.",null,0,false,Shuowen Jiezi + HJ corpus,2026-04-08 21:20:00.083612+00,2026-04-08 21:20:00.083612+00,"Il numero mille, che rappresenta una grande quantità.",null,3,numbers,draft,null,null,null,null,null,"The oracle bone form combined elements suggesting abundance and multitude. It originally depicted concepts related to many people or great quantities, evolving into the specific number one thousand.","Una persona (人) con una linea orizzontale sopra, che porta il peso di mille.",3,千米,kilometer,null,null,[],null,null,null,null,null,null,null,null,null,null,false,null
02fe3dfa-02ce-42ef-8682-1e739ade348a,山,null,shān,null,山,pictogram,{},{},{},null,null,null,null,高出地面很多的土石构成的高地。,A mountain or hill with peaks and slopes.,三个山峰连在一起，像山脉的轮廓。,Three peaks rising up like a mountain range silhouette.,null,0,false,Shuowen Jiezi + HJ corpus,2026-04-08 22:46:54.914162+00,2026-04-08 22:46:54.914162+00,Una montagna o collina con picchi e pendii.,null,1,nature,draft,null,null,null,null,null,"The oracle bone form shows three triangular peaks side by side, directly depicting mountain ridges. This pictograph clearly resembles the outline of mountains against the horizon.",Tre picchi che si alzano come il profilo di una catena montuosa.,3,山水,landscape,null,null,[],null,null,null,null,null,null,null,null,null,null,false,null
c931b0f8-294d-4b2a-85fc-fb3869241119,火,null,huǒ,null,火,pictogram,{},{},{},null,null,null,null,物体燃烧时产生的光焰。,"Fire, flame, or burning combustion.",跳动的火焰，火花从底部向上飞舞。,Dancing flames with sparks flying upward from the base.,null,0,false,Shuowen Jiezi + HJ corpus,2026-04-08 22:46:55.104288+00,2026-04-08 22:46:55.104288+00,"Fuoco, fiamma o combustione ardente.",null,1,nature,draft,null,null,null,null,null,"The oracle bone script depicts flames rising with characteristic flickering patterns and sparks. The central vertical line represents the main flame while the surrounding strokes show the dancing, irregular nature of fire.",Fiamme danzanti con scintille che volano verso l'alto dalla base.,4,火车,train,null,null,[],null,null,null,null,null,null,null,null,null,null,false,null
d5e2caf5-73c8-4e06-bfcb-5152c8115eb7,水,null,shuǐ,null,水,pictogram,{},{},{},null,null,null,null,无色无味的液体，江河湖海的主要成分。,"Water in liquid form, flowing or still.",流动的小溪，波纹和水流向下流淌。,Flowing stream with ripples and currents moving downward.,null,0,false,Shuowen Jiezi + HJ corpus,2026-04-08 22:46:55.280169+00,2026-04-08 22:46:55.280169+00,"Acqua in forma liquida, che scorre o ferma.",null,2,nature,draft,null,null,null,null,null,"The oracle bone form shows a central flow line with smaller streams or ripples on both sides. This captures the essential nature of water as a flowing, branching substance that moves in channels and tributaries.",Ruscello che scorre con increspature e correnti verso il basso.,4,水果,fruit,null,null,[],null,null,null,null,null,null,null,null,null,null,false,null
9a55f8c7-f770-45e6-8a9f-8f90c342496d,田,null,tián,null,田,pictogram,{},{},{},null,null,null,null,种植农作物的土地。,A cultivated field or farmland for growing crops.,方形的农田被灌溉沟渠分割开来。,Square plots of farmland divided by irrigation channels.,null,0,false,Shuowen Jiezi + HJ corpus,2026-04-08 22:46:55.440954+00,2026-04-08 22:46:55.440954+00,Un campo coltivato o terreno agricolo per la coltivazione.,null,2,places,draft,null,null,null,null,null,"The oracle bone script shows rectangular field plots with clear boundary lines and divisions. This represents the ancient Chinese practice of dividing agricultural land into organized, geometric sections for efficient farming and water management.",Appezzamenti quadrati di terreno agricolo divisi da canali di irrigazione.,5,田野,field,null,null,[],null,null,null,null,null,null,null,null,null,null,false,null
da6aec6e-417b-4b47-88eb-7bbefeb4b47f,雨,null,yǔ,null,雨,pictogram,{},{},{},null,null,null,null,从天空中的云落下的水滴。,Rain falling from clouds as water droplets.,水平的云朵上方，许多雨滴直直落下。,Horizontal clouds above with many raindrops falling straight down.,null,0,false,Shuowen Jiezi + HJ corpus,2026-04-08 22:46:55.608736+00,2026-04-08 22:46:55.608736+00,Pioggia che cade dalle nuvole come goccioline d'acqua.,null,3,nature,draft,null,null,null,null,null,"The oracle bone form depicts the sky or clouds at the top with multiple vertical lines representing falling raindrops. The horizontal strokes represent the cloud layer from which rain originates, while the vertical lines clearly show precipitation descending to earth.",Nuvole orizzontali sopra con molte gocce di pioggia che cadono dritte.,8,雨天,rainy day,null,null,[],null,null,null,null,null,null,null,null,null,null,false,null
6cffc897-f880-48e8-86dd-6080c5416dae,身,null,shēn,null,身,pictogram,{},{},{},null,null,null,null,指人的身体或躯体。,The body or physical form of a person.,像怀孕妇女的侧面轮廓，显示出身体的形状。,A pregnant woman's profile showing the swollen belly and body shape.,null,0,false,Shuowen Jiezi + HJ corpus,2026-04-08 22:47:25.579598+00,2026-04-08 22:47:25.579598+00,Il corpo o la forma fisica di una persona.,null,3,body,draft,null,null,null,null,null,"The oracle bone form shows a human figure with an enlarged midsection, possibly representing pregnancy as the ultimate expression of the body. This emphasizes the body as a vessel for life and physical existence.",Il profilo di una donna incinta che mostra il ventre gonfio e la forma del corpo.,7,身体,body,null,null,[],null,null,null,null,null,null,null,null,null,null,false,null
fe7de4d9-44b6-42b3-a996-7441acdc8fa1,三,null,sān,null,一,pictogram,{},{},{},null,null,null,null,数字三。,The number three.,三条横线像三层楼房叠在一起。,Three horizontal lines stacked like three floors of a building.,null,0,false,Shuowen Jiezi + HJ corpus,2026-04-08 23:24:10.944029+00,2026-04-08 23:24:10.944029+00,Il numero tre.,null,1,numbers,draft,null,null,null,null,null,"In oracle bone script, three was represented by three horizontal strokes, directly showing the quantity. This is one of the clearest examples of numerical representation in early Chinese writing.",Tre linee orizzontali impilate come tre piani di un edificio.,3,三月,March,null,null,[],null,null,null,null,null,null,null,null,null,null,false,null
8c2b2ed0-33e9-44da-b4ec-8ec6fa0edab1,十,null,shí,null,十,pictogram,{},{},{},null,null,null,null,数字十。,The number ten.,像十字架，表示双手数完了十个数。,A cross marking the completion of counting on both hands.,null,0,false,Shuowen Jiezi + HJ corpus,2026-04-08 23:24:11.288086+00,2026-04-08 23:24:11.288086+00,Il numero dieci.,null,2,numbers,draft,null,null,null,null,null,"In oracle bone script, ten was written as a vertical line crossed by a horizontal line, symbolizing completeness. This cross shape represented the full cycle of counting and became the basis for the decimal system.",Come una croce che segna il completamento del conteggio su entrambe le mani.,2,十月,October,null,null,[],null,null,null,null,null,null,null,null,null,null,false,null
f415a713-3c21-42e6-a3a5-0f1208753a65,百,null,bǎi,null,白,pictogram,{},{},{},null,null,null,null,数字一百。,The number one hundred.,白色的米粒多得数不清，达到一百粒。,White rice grains so numerous they reach a hundred.,null,0,false,Shuowen Jiezi + HJ corpus,2026-04-08 23:24:11.429795+00,2026-04-08 23:24:11.429795+00,Il numero cento.,null,2,numbers,draft,null,null,null,null,null,The oracle bone form combined the concept of 'white' with numerical marks to represent a large quantity. The character evolved from pictographic representations of counting marks or tally systems used for large numbers.,Chicchi di riso bianco così numerosi da raggiungere il centinaio.,6,百年,century,null,null,[],null,null,null,null,null,null,null,null,null,null,false,null
59f2ad33-6815-4273-811d-eb8822c97992,万,null,wàn,null,一,pictogram,{},{},{},null,null,null,null,数字一万。,The number ten thousand.,像蝎子有无数后代，代表一万个。,A scorpion with countless offspring representing ten thousand.,null,0,false,Shuowen Jiezi + HJ corpus,2026-04-08 23:24:11.623017+00,2026-04-08 23:24:11.623017+00,Il numero diecimila.,null,3,numbers,draft,null,null,null,null,null,"Originally depicted a scorpion in oracle bone script, chosen because scorpions were associated with vast numbers due to their prolific reproduction. The connection between the creature and the large number became conventionalized over time.",Come uno scorpione con innumerevoli discendenti che rappresenta diecimila.,3,万岁,long live,null,null,[],null,null,null,null,null,null,null,null,null,null,false,null
e2ba7eb6-5aa3-4293-89bc-0b41664e7795,零,null,líng,null,雨,pictogram,{},{},{},null,null,null,null,零是表示没有或空值的数字。,Zero is the numerical digit representing nothing or null value.,雨滴飘落代表零的空虚——没有实质的东西留下。,Rain drops falling represent the emptiness of zero - nothing substantial remains.,null,0,false,Shuowen Jiezi + HJ corpus,2026-04-08 23:24:50.239001+00,2026-04-08 23:24:50.239001+00,Zero è la cifra numerica che rappresenta il nulla o un valore nullo.,null,1,numbers,draft,null,null,null,null,null,Originally depicted scattered raindrops or small fragments. The concept evolved to represent the absence of quantity or emptiness.,Le gocce di pioggia che cadono rappresentano il vuoto dello zero - non rimane nulla di sostanziale.,13,零点,zero hour,null,null,[],null,null,null,null,null,null,null,null,null,null,false,null
bcac551d-73b2-4bd2-baa1-8c5cf09998ed,双,null,shuāng,null,又,pictogram,{},{},{},null,null,null,null,双表示成对或两个相同的东西在一起。,Double means a pair or two of the same kind together.,两只手握在一起显示了成对或双倍的概念。,Two hands grasping together show the concept of a pair or double.,null,0,false,Shuowen Jiezi + HJ corpus,2026-04-08 23:24:50.413748+00,2026-04-08 23:24:50.413748+00,Doppio significa una coppia o due della stessa specie insieme.,null,1,numbers,draft,null,null,null,null,null,Oracle bone form showed two hands or two identical objects side by side. This naturally evolved to represent the concept of pairs and doubles.,Due mani che si afferrano insieme mostrano il concetto di coppia o doppio.,4,双手,both hands,null,null,[],null,null,null,null,null,null,null,null,null,null,false,null
16deb3c4-5af9-49ba-9ae8-22ae5a93801c,半,null,bàn,null,十,pictogram,{},{},{},null,null,null,null,半表示某物被分成两个相等部分中的一个。,Half means one of two equal parts of something divided.,一头牛从中间分开显示了清楚的一分为二。,A cow split down the middle shows the clear division into halves.,null,0,false,Shuowen Jiezi + HJ corpus,2026-04-08 23:24:50.587417+00,2026-04-08 23:24:50.587417+00,Metà significa una delle due parti uguali di qualcosa diviso.,null,2,numbers,draft,null,null,null,null,null,Oracle bone script depicted an object split vertically down the middle. The splitting line clearly showed the division into two equal parts.,Una mucca divisa nel mezzo mostra la chiara divisione in metà.,5,半天,half day,null,null,[],null,null,null,null,null,null,null,null,null,null,false,null
b02ca6e1-4501-4b3e-b66a-b82870a63017,兆,null,zhào,null,儿,pictogram,{},{},{},null,null,null,null,兆表示极大的数字，最初意思是征兆。,"Trillion represents an extremely large number, originally meaning omen.",龟壳占卜的裂纹预示着无数未来的可能性如万亿。,Cracks in turtle shell divination predict countless future possibilities like trillions.,null,0,false,Shuowen Jiezi + HJ corpus,2026-04-08 23:24:50.754659+00,2026-04-08 23:24:50.754659+00,"Trilione rappresenta un numero estremamente grande, originariamente significava presagio.",null,2,numbers,draft,null,null,null,null,null,Originally showed cracks on oracle bones used for divination rituals. The countless crack patterns led to its association with vast numbers.,Le crepe nella divinazione del guscio di tartaruga predicono innumerevoli possibilità future come trilioni.,6,兆头,omen,null,null,[],null,null,null,null,null,null,null,null,null,null,false,null
f1d2116e-af91-4f65-b76e-cbdf5d679e06,亿,null,yì,null,亻,pictogram,{},{},{},null,null,null,null,亿在中国数字系统中表示巨大的数量。,Hundred million represents an enormous quantity in the Chinese numerical system.,一个人被一亿个事物的巨大数量所压倒。,A person overwhelmed by the vastness of a hundred million things.,null,0,false,Shuowen Jiezi + HJ corpus,2026-04-08 23:24:50.920423+00,2026-04-08 23:24:50.920423+00,Cento milioni rappresenta una quantità enorme nel sistema numerico cinese.,null,3,numbers,draft,null,null,null,null,null,Combined the person radical with phonetic elements to represent vast quantities. The human element emphasized the incomprehensible scale from a person's perspective.,Una persona sopraffatta dalla vastità di cento milioni di cose.,3,亿万,hundreds of millions,null,null,[],null,null,null,null,null,null,null,null,null,null,false,null
8ae7b61b-8e00-4716-9d27-538903065bed,丁,null,dīng,null,一,pictogram,{},{},{},null,null,null,null,天干第四位，也指成年男子或立方体。,"The fourth position in the traditional Chinese decimal system, also meaning 'adult male' or 'cube'.",像钉子一样笔直向下，简单直接地表示数字。,A nail (丁) hammered straight down - simple and direct like the number it represents.,null,0,false,Shuowen Jiezi + HJ corpus,2026-04-08 23:25:26.800871+00,2026-04-08 23:25:26.800871+00,"La quarta posizione nel sistema decimale tradizionale cinese, significa anche 'maschio adulto' o 'cubo'.",null,1,numbers,draft,null,null,null,null,null,"In oracle bone script, 丁 appeared as a straight vertical line with a horizontal top, resembling a nail or peg. It was used as the fourth stem in the decimal counting system and represented stability and firmness.",Come un chiodo (丁) piantato dritto - semplice e diretto come il numero che rappresenta.,2,丁数,the fourth number,null,null,[],null,null,null,null,null,null,null,null,null,null,false,null
701617ed-c8e6-4f0a-af1c-625414330f1e,己,null,jǐ,null,己,pictogram,{},{},{},null,null,null,null,天干第六位，也指自己、本身。,"The sixth position in the traditional Chinese decimal system, also meaning 'self' or 'oneself'.",弯曲的形状像人弯腰看自己，在序列中排第六。,The curved shape looks like a person bending to look at themselves - the sixth in sequence.,null,0,false,Shuowen Jiezi + HJ corpus,2026-04-08 23:25:27.012447+00,2026-04-08 23:25:27.012447+00,"La sesta posizione nel sistema decimale tradizionale cinese, significa anche 'se stesso'.",null,2,numbers,draft,null,null,null,null,null,The oracle bone form of 己 depicted a curved line resembling a person in profile or a coiled rope. It served as the sixth heavenly stem in the traditional counting system and developed the meaning of 'self' from its use in personal reference.,La forma curva sembra una persona che si piega per guardarsi - il sesto nella sequenza.,3,己方,one's own side,null,null,[],null,null,null,null,null,null,null,null,null,null,false,null
aff8feae-dcb9-4145-ab13-5f929c53dae9,甲,null,jiǎ,null,甲,pictogram,{},{},{},null,null,null,null,天干第一位，也指甲壳或盔甲。,"The first position in the traditional Chinese decimal system, also meaning 'shell' or 'armor'.",战士的盔甲，在保护中排第一，在计数序列中也排第一。,"A warrior's armor (甲) - first in protection, first in the counting sequence.",null,0,false,Shuowen Jiezi + HJ corpus,2026-04-08 23:25:27.182263+00,2026-04-08 23:25:27.182263+00,"La prima posizione nel sistema decimale tradizionale cinese, significa anche 'guscio' o 'armatura'.",null,2,numbers,draft,null,null,null,null,null,"In oracle bone inscriptions, 甲 resembled a turtle shell or piece of armor with a protective covering. As the first heavenly stem, it represented the beginning of cycles and was associated with wood element in traditional Chinese cosmology.","L'armatura di un guerriero (甲) - prima nella protezione, prima nella sequenza numerica.",5,甲级,first class,null,null,[],null,null,null,null,null,null,null,null,null,null,false,null
f06600fc-3570-48e5-b915-a73881a7b8b3,乙,null,yǐ,null,乙,pictogram,{},{},{},null,null,null,null,天干第二位，代表木元素。,"The second position in the traditional Chinese decimal system, representing the wood element.",一笔弯曲的笔画像幼苗的嫩芽，在自然顺序中排第二。,A single curved stroke like a young plant shoot - second in the natural order.,null,0,false,Shuowen Jiezi + HJ corpus,2026-04-08 23:25:27.382409+00,2026-04-08 23:25:27.382409+00,"La seconda posizione nel sistema decimale tradizionale cinese, rappresenta l'elemento legno.",null,2,numbers,draft,null,null,null,null,null,"The oracle bone character 乙 appeared as a curved line resembling a sprouting plant or a winding path. As the second heavenly stem in the decimal system, it symbolized growth and flexibility, embodying the wood element's characteristics of bending without breaking.",Un singolo tratto curvo come un germoglio giovane - secondo nell'ordine naturale.,1,乙类,type B,null,null,[],null,null,null,null,null,null,null,null,null,null,false,null
d2a8bf1d-d849-4e5d-9b46-528db8ae3382,庚,null,gēng,null,广,pictogram,{},{},{},null,null,null,null,天干第七位，代表金元素和更新。,"The seventh position in the traditional Chinese decimal system, representing the metal element and renewal.",在庇护下，变化发生，第七位天干带来转换。,"Under the shelter (广), change (更) occurs - the seventh stem brings transformation.",null,0,false,Shuowen Jiezi + HJ corpus,2026-04-08 23:25:27.542884+00,2026-04-08 23:25:27.542884+00,"La settima posizione nel sistema decimale tradizionale cinese, rappresenta l'elemento metallo e il rinnovamento.",null,3,numbers,draft,null,null,null,null,null,"Oracle bone script showed 庚 as a combination suggesting a pestle or grinding tool under a shelter, symbolizing transformation and refinement. As the seventh heavenly stem associated with metal element, it represented the process of change and the hardness that comes through refinement.","Sotto il riparo (广), avviene il cambiamento (更) - il settimo stelo porta trasformazione.",8,庚年,geng year,null,null,[],null,null,null,null,null,null,null,null,null,null,false,null
3f2384f9-12c4-4fa8-8da7-fd0f1963ced8,木,null,mù,null,木,pictogram,{},{},{},null,null,null,null,木头或树木，代表所有木本植物和木材。,"Wood or tree, representing all woody plants and timber.",一棵树，下有根，中有干，上有枝叶伸展。,"A tree with roots below, trunk in middle, and branches spreading above.",null,0,false,Shuowen Jiezi + HJ corpus,2026-04-08 23:26:36.225683+00,2026-04-08 23:26:36.225683+00,"Legno o albero, rappresenta tutte le piante legnose e il legname.",null,1,nature,draft,null,null,null,null,null,The oracle bone form clearly depicts a tree with roots extending downward and branches reaching upward. This pictograph became the fundamental radical for all tree and wood-related characters.,"Un albero con radici sotto, tronco al centro e rami che si espandono sopra.",4,树木,trees,null,null,[],null,null,null,null,null,null,null,null,null,null,false,null
aa4d7447-3d30-4117-9af8-3e7ba25d118e,月,null,yuè,null,月,pictogram,{},{},{},null,null,null,null,月亮，也用作表示肉体或身体部位的偏旁。,"Moon, also used as a radical meaning flesh or body parts.",弯弯的月牙形状，两条横线显示月相变化。,A crescent moon shape with two horizontal lines showing its phases.,null,0,false,Shuowen Jiezi + HJ corpus,2026-04-08 23:26:36.398619+00,2026-04-08 23:26:36.398619+00,"Luna, usata anche come radicale per indicare carne o parti del corpo.",null,1,nature,draft,null,null,null,null,null,"The oracle bone script shows a clear crescent moon shape, sometimes with dots representing craters or shadows. Over time it evolved into the current rectangular form while maintaining its lunar meaning.",Forma di luna crescente con due linee orizzontali che mostrano le fasi lunari.,4,月亮,moon,null,null,[],null,null,null,null,null,null,null,null,null,null,false,null
85ee145d-665c-4087-ac36-d83621074d12,石,null,shí,null,石,pictogram,{},{},{},null,null,null,null,石头或岩石，代表坚硬的矿物质。,"Stone or rock, representing hard mineral substances.",悬崖峭壁上有石头滚落下来的样子。,A cliff face with a falling rock or stone breaking away.,null,0,false,Shuowen Jiezi + HJ corpus,2026-04-08 23:26:36.57191+00,2026-04-08 23:26:36.57191+00,"Pietra o roccia, rappresenta sostanze minerali dure.",null,2,nature,draft,null,null,null,null,null,The oracle bone form depicts a cliff or rock face with a stone or boulder at its base. This pictograph represents the hardness and permanence of stone in nature.,Una parete rocciosa con una pietra che cade o si stacca.,5,石头,stone,null,null,[],null,null,null,null,null,null,null,null,null,null,false,null
2fe055af-f344-41ae-a8ae-b98bbbee2f77,草,null,cǎo,null,艹,pictogram,{},{},{},null,null,null,null,草或从地面生长的草本植物。,Grass or herbaceous plants growing from the ground.,上面是草字头，下面是幼苗从土里钻出来。,The grass radical on top with early sprouts emerging from soil below.,null,0,false,Shuowen Jiezi + HJ corpus,2026-04-08 23:26:36.754045+00,2026-04-08 23:26:36.754045+00,Erba o piante erbacee che crescono dal suolo.,null,2,nature,draft,null,null,null,null,null,The oracle bone script shows multiple grass blades growing upward from the earth. The character combines the grass radical with elements suggesting early growth and sprouting.,Il radicale dell'erba sopra con giovani germogli che emergono dal terreno sotto.,9,青草,green grass,null,null,[],null,null,null,null,null,null,null,null,null,null,false,null
e3cd5c0e-bfd3-4f26-9711-21216152e08a,森,null,sēn,null,木,pictogram,{},{},{},null,null,null,null,茂密的森林，许多树木紧密生长在一起。,Dense forest with many trees growing closely together.,三棵树紧密排列，形成茂密阴暗的森林。,"Three trees crowded together creating a dense, dark forest.",null,0,false,Shuowen Jiezi + HJ corpus,2026-04-08 23:26:36.912181+00,2026-04-08 23:26:36.912181+00,Foresta densa con molti alberi che crescono fittamente insieme.,null,3,nature,draft,null,null,null,null,null,This character compounds three 木 (tree) characters to represent multiplicity and density. The oracle bone origins show how ancient Chinese used repetition to indicate abundance in nature.,Tre alberi affollati insieme che creano una foresta densa e scura.,12,森林,forest,null,null,[],null,null,null,null,null,null,null,null,null,null,false,null
45b0432e-62c6-4ca5-bedf-23edfaf97cf7,年,null,nián,null,干,pictogram,{},{},{},null,null,null,null,年，指地球绕太阳一周的时间单位。,"Year, a period of time marking the completion of Earth's orbit around the sun.",一个人背着谷物的形象，收获时节标志着一年的结束。,A person carrying grain on their back - harvest time marks the year's end.,null,0,false,Shuowen Jiezi + HJ corpus,2026-04-09 09:49:58.870888+00,2026-04-09 09:49:58.870888+00,"Anno, un periodo di tempo che segna il completamento dell'orbita terrestre intorno al sole.",null,1,time,draft,null,null,null,null,null,"Oracle bone form shows a person carrying grain, representing the agricultural cycle that defined the year. The character evolved to represent the concept of annual time periods.",Una persona che porta il grano sulla schiena - il tempo del raccolto segna la fine dell'anno.,6,今年,this year,null,null,[],null,null,null,null,null,null,null,null,null,null,false,null
15d1c3f0-f5ce-4317-a62d-53c68e456f18,夕,null,xī,null,夕,pictogram,{},{},{},null,null,null,null,夕阳，指太阳下山、天色渐暗的时候。,"Evening, the time of day when the sun sets and darkness approaches.",月牙形状，象征白天渐渐消失，夜晚来临。,A crescent moon shape appearing as daylight fades into evening.,null,0,false,Shuowen Jiezi + HJ corpus,2026-04-09 09:49:59.084326+00,2026-04-09 09:49:59.084326+00,"Sera, il momento del giorno in cui il sole tramonta e si avvicina l'oscurità.",null,1,time,draft,null,null,null,null,null,"The oracle bone form depicts a crescent or partial moon, symbolizing the evening time when the moon becomes visible. This pictograph directly represents the transition from day to night.",Una forma di mezzaluna che appare mentre la luce del giorno svanisce nella sera.,3,夕阳,sunset,null,null,[],null,null,null,null,null,null,null,null,null,null,false,null
75b51479-f4b4-4c63-ba35-1da0d4125639,今,null,jīn,null,人,pictogram,{},{},{},null,null,null,null,现在，指当前的时间或此刻。,"Now, the present time or current moment.",一个人头上戴着帽子，表示此时此刻在场的人。,A person with a cap on top - representing someone present right now.,null,0,false,Shuowen Jiezi + HJ corpus,2026-04-09 09:49:59.379142+00,2026-04-09 09:49:59.379142+00,"Ora, il tempo presente o il momento attuale.",null,2,time,draft,null,null,null,null,null,"Oracle bone script shows a person with something covering or above them, indicating presence in the current moment. The covering element emphasizes the immediacy of 'now'.",Una persona con un berretto in testa - rappresenta qualcuno presente proprio ora.,4,今天,today,null,null,[],null,null,null,null,null,null,null,null,null,null,false,null
fa66e3c2-dc41-4388-a79f-8e17f74c7f8c,早,null,zǎo,null,日,pictogram,{},{},{},null,null,null,null,早晨，指一天的开始时间或清晨时分。,"Early, morning, or the beginning part of the day.",太阳升起照耀草地，清晨时分草上还有露水。,The sun rising above grass - early morning when dew covers the plants.,null,0,false,Shuowen Jiezi + HJ corpus,2026-04-09 09:49:59.670457+00,2026-04-09 09:49:59.670457+00,"Presto, mattina, o la parte iniziale del giorno.",null,2,time,draft,null,null,null,null,null,"Oracle bone form combines sun and grass elements, depicting the early morning scene when the sun rises over vegetation. This compound character illustrates the natural markers of early time.",Il sole che sorge sopra l'erba - la mattina presto quando la rugiada copre le piante.,6,早上,morning,null,null,[],null,null,null,null,null,null,null,null,null,null,false,null
afc7a057-cfb6-4c40-9440-399e6d8f189a,春,null,chūn,null,日,pictogram,{},{},{},null,null,null,null,春天，万物复苏、植物开始生长的温暖季节。,"Spring, the season of renewal when plants begin to grow and weather warms.",阳光照耀着正在发芽的草木，下面有根系，象征春天万物复苏。,Sun shining on sprouting grass with roots below - nature awakening in spring.,null,0,false,Shuowen Jiezi + HJ corpus,2026-04-09 09:49:59.830856+00,2026-04-09 09:49:59.830856+00,"Primavera, la stagione del rinnovamento quando le piante iniziano a crescere e il clima si scalda.",null,3,time,draft,null,null,null,null,null,"Oracle bone script shows the sun above sprouting vegetation, capturing the essence of spring's renewal. The character combines natural elements to represent this crucial seasonal time period.",Il sole che splende sull'erba che germoglia con le radici sotto - la natura che si risveglia in primavera.,9,春节,Spring Festival,null,null,[],null,null,null,null,null,null,null,null,null,null,false,null
2ef66ffe-606d-4b77-b119-11951d4d1b4b,大,null,dà,null,大,pictogram,{},{},{},null,null,null,null,大小的大，表示体积、面积、数量等方面超过一般。,Big or large in size or importance.,一个人张开手脚显示自己很大的样子。,A person stretching arms and legs wide to show how BIG they are.,null,0,false,Shuowen Jiezi + HJ corpus,2026-04-09 15:52:47.179806+00,2026-04-09 15:52:47.179806+00,Grande o ampio in dimensione o importanza.,null,1,objects,draft,null,null,null,null,null,The oracle bone form shows a human figure with arms and legs spread wide. This pictograph directly represents the concept of largeness through the image of a person making themselves appear as big as possible.,Una persona che allarga braccia e gambe per mostrare quanto è GRANDE.,3,大人,adult,null,null,[],null,null,null,null,null,null,null,null,null,null,false,null
5e17267a-fa18-4da6-899f-b6a9578ca21d,女,null,nǚ,null,女,pictogram,{},{},{},null,null,null,null,女性，成年的女子。,Woman or female person.,一个优雅跪坐的女性形象。,A graceful figure kneeling in traditional feminine posture.,null,0,false,Shuowen Jiezi + HJ corpus,2026-04-09 15:52:47.416671+00,2026-04-09 15:52:47.416671+00,Donna o persona di sesso femminile.,null,1,people,draft,null,null,null,null,null,The oracle bone script depicts a kneeling female figure with crossed hands. This pictograph captures the traditional posture associated with women in ancient Chinese society.,Una figura elegante inginocchiata in postura femminile tradizionale.,3,女子,woman,null,null,[],null,null,null,null,null,null,null,null,null,null,false,null
f61e112d-e60e-424b-8a18-c8af027d0377,鱼,null,yú,null,鱼,pictogram,{},{},{},null,null,null,null,生活在水中的脊椎动物。,Fish that lives in water.,一条有着大头、身体、鱼鳍和特别尾巴的游鱼。,"A fish with a big head, body, fins, and distinctive tail swimming.",null,0,false,Shuowen Jiezi + HJ corpus,2026-04-09 15:52:47.627761+00,2026-04-09 15:52:47.627761+00,Pesce che vive nell'acqua.,null,2,animals,draft,null,null,null,null,null,"The oracle bone form clearly shows a fish with head, body, scales, and tail fin. This pictograph captures all the essential visual elements that identify a fish swimming in water.","Un pesce con una grande testa, corpo, pinne e coda distintiva che nuota.",8,鱼类,fish species,null,null,[],null,null,null,null,null,null,null,null,null,null,false,null
117042a6-8d2c-4b1f-83e1-a25cb3a20c04,车,null,chē,null,车,pictogram,{},{},{},null,null,null,null,用于运输的车辆或马车。,Vehicle or cart used for transportation.,从上面看到的车子，显示车轴和两个轮子。,A cart viewed from above showing the axle and two wheels.,null,0,false,Shuowen Jiezi + HJ corpus,2026-04-09 15:52:47.832013+00,2026-04-09 15:52:47.832013+00,Veicolo o carro usato per il trasporto.,null,2,objects,draft,null,null,null,null,null,The oracle bone script shows a bird's-eye view of a wheeled vehicle with an axle connecting two wheels. This aerial perspective clearly depicts the essential structure of ancient Chinese carts and chariots.,Un carro visto dall'alto che mostra l'asse e le due ruote.,4,车轮,wheel,null,null,[],null,null,null,null,null,null,null,null,null,null,false,null
61cca6c4-8565-4cae-a8ff-a3b6252f26bf,龙,null,lóng,null,龙,pictogram,{},{},{},null,null,null,null,中国神话传说中的神异动物，能兴云降雨。,"Dragon, a legendary creature in Chinese mythology.",一条蛇形的神兽，有着流动的身体、特别的头部和神奇的力量。,"A serpentine creature with flowing body, distinctive head, and magical powers.",null,0,false,Shuowen Jiezi + HJ corpus,2026-04-09 15:52:48.038741+00,2026-04-09 15:52:48.038741+00,"Drago, una creatura leggendaria nella mitologia cinese.",null,3,animals,draft,null,null,null,null,null,The oracle bone form depicts a large serpentine creature with an elaborate head featuring horns or crests. This mythical being represents the ancient Chinese conception of a powerful dragon that could control weather and water.,"Una creatura serpentina con corpo fluente, testa distintiva e poteri magici.",5,龙王,dragon king,null,null,[],null,null,null,null,null,null,null,null,null,null,false,null
848401a4-fc99-4b8e-92a6-281d99cada7d,四,null,sì,null,囗,ideogram,{},{},{},null,null,null,null,数字四，表示数量为四的概念。,"The number four, representing the quantity or concept of four.",像张开的嘴巴，里面有四个分割。,"Four corners trapped inside a square frame, like four people locked in a room.",null,0,false,Shuowen Jiezi + HJ corpus,2026-04-08 23:24:11.108043+00,2026-04-08 23:24:11.108043+00,"Il numero quattro, che rappresenta la quantità o il concetto di quattro.",null,1,numbers,draft,null,null,null,null,null,The oracle bone form showed four strokes or divisions within an enclosure. The character evolved to represent the abstract concept of fourness through geometric division.,Come una bocca aperta con quattro divisioni all'interno.,5,四季,four seasons,null,null,[],null,null,null,null,null,null,null,null,null,null,false,null
d403d407-5dfe-4e41-b999-7fbac9bbedf7,红,null,hong2,null,null,ideogram,{},{},{},null,null,null,null,红色，赤色。象征热情、喜庆或革命。,"The color red. Symbolizes passion, celebration, or revolution.",null,Silk thread worker dyes it red,null,0,false,Shuowen Jiezi + HJ corpus,2026-04-14 20:20:21.488007+00,2026-04-14 20:20:21.488007+00,"Il colore rosso. Simboleggia passione, celebrazione o rivoluzione.",null,1,numbers,draft,null,null,null,null,null,null,null,6,null,null,null,null,[],null,null,null,null,null,null,null,null,null,null,false,null
da951a82-be99-4da0-8468-bfb03a2c3a22,刀,null,dāo,null,刀,pictogram,{},{},{},null,null,null,null,用来切割东西的刀具。,A knife or blade used for cutting.,甲骨文像弯曲的刀刃带着手柄，想象武士的剑。,The oracle bone looks like a curved blade with a handle - imagine a warrior's sword.,null,0,false,Shuowen Jiezi + HJ corpus,2026-04-18 09:35:42.135007+00,2026-04-18 09:35:42.135007+00,Un coltello o lama usata per tagliare.,null,1,objects,draft,null,null,null,null,null,The oracle bone form clearly depicts a knife with a curved blade and handle. The pictograph directly represents the physical shape of this essential tool.,L'osso oracolare sembra una lama curva con manico - immagina la spada di un guerriero.,2,小刀,small knife,null,null,[],null,null,null,null,null,null,null,null,null,null,false,null
c656ec60-7e55-411c-970e-0495c450ee59,牛,null,niú,null,牛,pictogram,{},{},{},null,null,null,null,一种大型家畜，即牛。,"An ox or cow, a large domesticated bovine animal.",甲骨文显示牛头，两只角向上突出。,The oracle bone shows a cow's head with prominent horns pointing upward.,null,0,false,Shuowen Jiezi + HJ corpus,2026-04-18 09:35:42.369998+00,2026-04-18 09:35:42.369998+00,"Un bue o mucca, un grande animale bovino domestico.",null,1,animals,draft,null,null,null,null,null,The oracle bone character depicts the frontal view of an ox's head with two prominent horns. This pictograph captures the most distinctive feature of cattle - their horns.,L'osso oracolare mostra una testa di mucca con corna prominenti rivolte verso l'alto.,4,牛奶,milk,null,null,[],null,null,null,null,null,null,null,null,null,null,false,null
5dd06abd-7821-4c8a-8946-d6fd6a7b8d18,足,null,zú,null,足,pictogram,{},{},{},null,null,null,null,人或动物的脚，用来行走的下肢。,"Foot or leg, the lower limb used for walking.",甲骨文显示从膝盖到脚的完整腿部，像走路的侧面图。,"The oracle bone shows a complete leg from knee to foot, like a side view of someone walking.",null,0,false,Shuowen Jiezi + HJ corpus,2026-04-18 09:35:42.523728+00,2026-04-18 09:35:42.523728+00,"Piede o gamba, l'arto inferiore usato per camminare.",null,2,body,draft,null,null,null,null,null,"The oracle bone form depicts a human leg and foot in profile, showing the knee joint and foot clearly. This pictograph emphasizes the foot's function in locomotion.","L'osso oracolare mostra una gamba completa dal ginocchio al piede, come una vista laterale di qualcuno che cammina.",7,足够,sufficient,null,null,[],null,null,null,null,null,null,null,null,null,null,false,null
cdc93f14-8264-4a9c-9d46-57ba73b179f1,来,null,lái,null,木,pictogram,{},{},{},null,null,null,null,从别处到这里，表示到达。,To come or arrive from another place.,甲骨文像麦穗摇摆，有人穿过田野走来。,The oracle bone looks like wheat stalks swaying as someone approaches through a field.,null,0,false,Shuowen Jiezi + HJ corpus,2026-04-18 09:35:42.670308+00,2026-04-18 09:35:42.670308+00,Venire o arrivare da un altro posto.,null,2,actions,draft,null,null,null,null,null,"The oracle bone character originally depicted wheat or grain plants, symbolizing the harvest coming in. The concept of 'coming' derived from the idea of crops arriving at maturity.",L'osso oracolare sembra spighe di grano che ondeggiano mentre qualcuno si avvicina attraverso un campo.,7,来到,to arrive,null,null,[],null,null,null,null,null,null,null,null,null,null,false,null
b8ed4a85-f94b-4e52-b685-d98609502057,豕,null,shǐ,null,豕,pictogram,{},{},{},null,null,null,null,猪，古代汉语中指猪类动物。,"A pig or swine, especially in ancient Chinese contexts.",甲骨文显示猪的身体，弯曲的背部，短腿，鼻子向下觅食。,"The oracle bone shows a pig's body with distinctive curved back, short legs, and snout pointing down to root for food.",null,0,false,Shuowen Jiezi + HJ corpus,2026-04-18 09:35:42.824293+00,2026-04-18 09:35:42.824293+00,"Un maiale o suino, specialmente nei contesti cinesi antichi.",null,3,animals,draft,null,null,null,null,null,"The oracle bone form is a detailed pictograph showing a pig in profile with its characteristic curved spine, short legs, and downward-pointing snout. This character served as an important radical in many compound characters related to domestic animals.","L'osso oracolare mostra il corpo di un maiale con schiena curva distintiva, zampe corte e muso rivolto verso il basso per cercare cibo.",7,豕突,rash advance,null,null,[],null,null,null,null,null,null,null,null,null,null,false,null
a3ff9c29-cb23-4b61-b33c-4bb098f18bbb,羊,null,yáng,null,羊,pictogram,{},{},{},null,null,null,null,一种家畜，用于提供羊毛、肉类和奶制品。,"A domesticated animal raised for wool, meat, and milk.",甲骨文像羊头，上面有弯曲的羊角。,The oracle bone shows a sheep's head with curved horns on top.,null,0,false,Shuowen Jiezi + HJ corpus,2026-04-18 09:45:58.78972+00,2026-04-18 09:45:58.78972+00,"Un animale domestico allevato per lana, carne e latte.",null,1,animals,draft,null,null,null,null,null,"The oracle bone character depicts a sheep's head viewed from the front, with prominent curved horns at the top. The vertical line represents the face, while the horizontal strokes show the distinctive horn shape.",L'osso oracolare mostra una testa di pecora con corna curve in alto.,6,山羊,goat,null,null,[],null,null,null,null,null,null,null,null,null,null,false,null
ccdfdef3-5bff-4670-bdd9-f66c696ce332,犬,null,quǎn,null,犬,pictogram,{},{},{},null,null,null,null,狗，特别指大型犬或正式场合用词。,"A dog, especially referring to larger breeds or in formal contexts.",甲骨文像侧面的狗，有弯曲的尾巴和警觉的姿态。,The oracle bone shows a dog in profile with a curved tail and alert posture.,null,0,false,Shuowen Jiezi + HJ corpus,2026-04-18 09:45:59.090174+00,2026-04-18 09:45:59.090174+00,"Un cane, specialmente riferito a razze di taglia grande o in contesti formali.",null,1,animals,draft,null,null,null,null,null,"The oracle bone character depicts a dog in side view, showing its characteristic curved tail and alert stance. The dot often represents the eye, emphasizing the dog's watchful nature.",L'osso oracolare mostra un cane di profilo con coda curva e postura vigile.,4,猎犬,hunting dog,null,null,[],null,null,null,null,null,null,null,null,null,null,false,null
28d4743f-f95b-45c7-b4f8-08652825b6bf,门,null,mén,null,门,pictogram,{},{},{},null,null,null,null,门户，供人通过墙壁或屏障的开口。,A door or gate that allows passage through a wall or barrier.,甲骨文像两扇可以开合的门板。,The oracle bone shows two door panels that swing open and closed.,null,0,false,Shuowen Jiezi + HJ corpus,2026-04-18 09:45:59.240798+00,2026-04-18 09:45:59.240798+00,Una porta o cancello che permette il passaggio attraverso un muro o barriera.,null,2,objects,draft,null,null,null,null,null,The oracle bone character depicts a double-leafed door or gate with two panels. The symmetrical design shows how ancient doors were typically made with two halves that could swing open.,L'osso oracolare mostra due pannelli di porta che si aprono e chiudono.,3,大门,main gate,null,null,[],null,null,null,null,null,null,null,null,null,null,false,null
eae60f23-6941-4a98-817d-7b9fdff6ae6a,舟,null,zhōu,null,舟,pictogram,{},{},{},null,null,null,null,船只，用于在江河湖泊上运输的小型水上交通工具。,A boat or small watercraft used for transportation on rivers and lakes.,甲骨文像从上往下看的船身，两端尖尖的。,The oracle bone shows a boat's hull viewed from above with pointed ends.,null,0,false,Shuowen Jiezi + HJ corpus,2026-04-18 09:45:59.388095+00,2026-04-18 09:45:59.388095+00,Una barca o piccola imbarcazione usata per il trasporto su fiumi e laghi.,null,2,objects,draft,null,null,null,null,null,"The oracle bone character represents a boat viewed from above, showing the elongated hull with pointed bow and stern. The central line often represents the interior space or keel of the vessel.",L'osso oracolare mostra lo scafo di una barca visto dall'alto con estremità appuntite.,6,龙舟,dragon boat,null,null,[],null,null,null,null,null,null,null,null,null,null,false,null
aedf080f-e07f-45c1-b167-1c2641799157,鼎,null,dǐng,null,鼎,pictogram,{},{},{},null,null,null,null,古代青铜三足器皿，用于烹饪和祭祀仪式。,An ancient bronze tripod vessel used for cooking and ritual ceremonies.,甲骨文像有三条腿、把手和盖子的祭祀大鼎。,"The oracle bone shows a ritual cauldron with three legs, handles, and a lid.",null,0,false,Shuowen Jiezi + HJ corpus,2026-04-18 09:45:59.557127+00,2026-04-18 09:45:59.557127+00,Un antico vaso di bronzo a tre piedi usato per cucinare e cerimonie rituali.,null,3,objects,draft,null,null,null,null,null,"The oracle bone character depicts a bronze tripod cauldron with three legs for stability over fire, two handles for lifting, and often a lid. These vessels were essential for both cooking and religious ceremonies in ancient China.","L'osso oracolare mostra un calderone rituale con tre gambe, manici e coperchio.",12,问鼎,compete for supremacy,null,null,[],null,null,null,null,null,null,null,null,null,null,false,null
32479a92-a6d8-4e0c-890b-f9abb7841efc,米,null,mǐ,null,米,pictogram,{},{},{},null,null,null,null,大米或谷物，主要的粮食作物。,"Rice or grain, a staple food crop.",六个散落的点像从袋子里洒出的米粒。,Six scattered dots like rice grains spilling from a bag.,null,0,false,Shuowen Jiezi + HJ corpus,2026-04-18 09:52:59.101443+00,2026-04-18 09:52:59.101443+00,"Riso o cereali, un raccolto alimentare principale.",null,1,nature,draft,null,null,null,null,null,The oracle bone form shows scattered grains or seeds arranged in a cross pattern. This pictograph directly represents the appearance of rice or millet grains.,Sei punti sparsi come chicchi di riso che cadono da un sacco.,6,大米,rice,null,null,[],null,null,null,null,null,null,null,null,null,null,false,null
50e46ec1-2bc5-4c10-a338-18c67ac0a079,耳,null,ěr,null,耳,pictogram,{},{},{},null,null,null,null,耳朵，听觉器官。,"Ear, the organ of hearing.",弯曲的线条勾勒出人耳的轮廓。,The curved lines trace the outline of a human ear.,null,0,false,Shuowen Jiezi + HJ corpus,2026-04-18 09:52:59.351415+00,2026-04-18 09:52:59.351415+00,"Orecchio, l'organo dell'udito.",null,1,body,draft,null,null,null,null,null,The oracle bone character clearly depicts the shape of a human ear in profile. The curved outer line represents the ear's outer rim while inner strokes show the ear canal.,Le linee curve tracciano il contorno di un orecchio umano.,6,耳朵,ear,null,null,[],null,null,null,null,null,null,null,null,null,null,false,null
3d002459-38c1-417c-8656-7fab523bc817,虫,null,chóng,null,虫,pictogram,{},{},{},null,null,null,null,昆虫或虫子，小的爬行生物。,"Insect or worm, small crawling creature.",一个弯曲身体像蛇一样蠕动的生物。,A wriggling snake-like creature with a curved body.,null,0,false,Shuowen Jiezi + HJ corpus,2026-04-18 09:52:59.532415+00,2026-04-18 09:52:59.532415+00,"Insetto o verme, piccola creatura strisciante.",null,2,animals,draft,null,null,null,null,null,"The oracle bone form depicts a snake or worm-like creature with a curved, segmented body. Originally it represented various crawling creatures including snakes, worms, and insects.",Una creatura serpentina che si contorce con il corpo curvo.,6,昆虫,insect,null,null,[],null,null,null,null,null,null,null,null,null,null,false,null
70dd3cbf-6dae-4e77-99bc-a705acd8a7b2,走,null,zǒu,null,走,pictogram,{},{},{},null,null,null,null,走路或跑步，用脚移动。,"To walk or run, to move on foot.",一个人摆动双臂大步向前走。,A person with swinging arms taking big strides forward.,null,0,false,Shuowen Jiezi + HJ corpus,2026-04-18 09:52:59.707893+00,2026-04-18 09:52:59.707893+00,"Camminare o correre, muoversi a piedi.",null,2,actions,draft,null,null,null,null,null,The oracle bone character shows a person in motion with arms swinging. The top part represents the torso and arms while the bottom shows the legs in a walking stance.,Una persona con le braccia oscillanti che fa grandi passi in avanti.,7,走路,to walk,null,null,[],null,null,null,null,null,null,null,null,null,null,false,null
ea164065-8597-48cf-9661-d88d7b60ebad,雷,null,léi,null,雨,pictogram,{},{},{},null,null,null,null,雷声，暴风雨中伴随闪电的声音。,"Thunder, the sound accompanying lightning in storms.",上面是雨云，下面是田野，展现自然的电力。,"Rain clouds above with field below, nature's electric power display.",null,0,false,Shuowen Jiezi + HJ corpus,2026-04-18 09:52:59.931057+00,2026-04-18 09:52:59.931057+00,"Tuono, il suono che accompagna i fulmini nelle tempeste.",null,3,nature,draft,null,null,null,null,null,"The oracle bone form combines the rain radical at the top with field-like patterns below, representing the agricultural impact of thunderstorms. This compound character shows how thunder and rain affect farming.","Nuvole di pioggia sopra con campo sotto, spettacolo del potere elettrico della natura.",13,雷电,thunder and lightning,null,null,[],null,null,null,null,null,null,null,null,null,null,false,null
c32914e9-6c57-4198-a877-0794c402c9ae,子,null,zǐ,null,子,pictogram,{},{},{},null,null,null,null,孩子或儿子，代表后代和年幼的人。,"A child or son, representing offspring and young people.",一个大头小身体的婴儿被布包着。,A baby with a big head and tiny body swaddled in cloth.,null,0,false,Shuowen Jiezi + HJ corpus,2026-04-18 10:01:31.963853+00,2026-04-18 10:01:31.963853+00,"Un bambino o figlio, che rappresenta la prole e i giovani.",null,1,people,draft,null,null,null,null,null,"The oracle bone form shows a baby with a large head and small body, emphasizing the proportions of an infant. The character depicts arms outstretched, symbolizing a child reaching out.",Un neonato con una testa grande e un corpicino avvolto in un panno.,3,孩子,child,null,null,[],null,null,null,null,null,null,null,null,null,null,false,null
ca591bde-ad5a-48bc-ad05-68b1d1a51019,网,null,wǎng,null,网,pictogram,{},{},{},null,null,null,null,用来捕鱼或捕鸟的网，或网络结构。,"A net used for catching fish or birds, or a network structure.",交叉的绳子形成渔网，有清晰的网格图案。,Crossed strings forming a fishing net with a clear grid pattern.,null,0,false,Shuowen Jiezi + HJ corpus,2026-04-18 10:01:32.172997+00,2026-04-18 10:01:32.172997+00,"Una rete usata per catturare pesci o uccelli, o una struttura di rete.",null,2,objects,draft,null,null,null,null,null,"The oracle bone script shows intersecting lines forming a mesh pattern, directly depicting a hunting or fishing net. The ancient form clearly resembles the woven structure of nets used by early hunters and fishermen.",Corde incrociate che formano una rete da pesca con un motivo a griglia chiaro.,6,网络,network,null,null,[],null,null,null,null,null,null,null,null,null,null,false,null
3b5bf2ed-d101-4177-8ad5-5b10af2bea8f,鼠,null,shǔ,null,鼠,pictogram,{},{},{},null,null,null,null,老鼠，代表小型啮齿动物。,"A mouse or rat, representing small rodents.",一只有突出牙齿、长尾巴和四条腿的啮齿动物在跑来跑去。,"A rodent with prominent teeth, long tail, and four legs scurrying around.",null,0,false,Shuowen Jiezi + HJ corpus,2026-04-18 10:01:32.35244+00,2026-04-18 10:01:32.35244+00,"Un topo o ratto, che rappresenta i piccoli roditori.",null,3,animals,draft,null,null,null,null,null,"The oracle bone form depicts a small animal with a long tail, pointed snout, and visible teeth. The character clearly shows the distinctive features of a rodent, with emphasis on the tail and gnawing teeth that characterize mice and rats.","Un roditore con denti prominenti, coda lunga e quattro zampe che scorrazza.",13,老鼠,mouse,null,null,[],null,null,null,null,null,null,null,null,null,null,false,null
5b6b93ae-e81d-4055-9134-eb6b741f670b,酒,null,jiǔ,null,酉,pictogram,{},{},{},null,null,null,null,通过发酵制成的酒精饮料或酒。,Alcoholic beverage or wine made through fermentation.,一个装着液体的陶罐，代表储存在容器中的发酵饮料。,"A clay jar with liquid inside, representing fermented beverages stored in vessels.",null,0,false,Shuowen Jiezi + HJ corpus,2026-04-18 10:01:32.598927+00,2026-04-18 10:01:32.598927+00,Bevanda alcolica o vino prodotto attraverso la fermentazione.,null,2,objects,draft,null,null,null,null,null,"The oracle bone form shows a ceremonial wine vessel with liquid drops, indicating alcohol used in rituals. The character combines the radical for wine vessel (酉) with drops, symbolizing the precious fermented liquid used in ancient ceremonies.","Un vaso di argilla con del liquido dentro, che rappresenta bevande fermentate conservate in contenitori.",10,白酒,liquor,null,null,[],null,null,null,null,null,null,null,null,null,null,false,null
88f6f28b-9306-4d70-8d26-c83627afad8e,弓,null,gōng,null,弓,pictogram,{},{},{},null,null,null,null,弓，用来射箭的武器。,"Bow, a weapon used for shooting arrows.",一把弯曲的弓准备射箭。,A curved bow ready to shoot an arrow.,null,0,false,Shuowen Jiezi + HJ corpus,2026-04-18 10:08:01.225201+00,2026-04-18 10:08:01.225201+00,"Arco, un'arma usata per tirare frecce.",null,1,objects,draft,null,null,null,null,null,The oracle bone script shows the curved shape of a bow with its string. The pictograph directly represents the weapon's distinctive arched form used in ancient hunting and warfare.,Un arco curvo pronto a scagliare una freccia.,3,弓箭,bow and arrow,null,null,[],null,null,null,null,null,null,null,null,null,null,false,null
beb11b33-f5de-4e14-be91-218a32e69101,井,null,jǐng,null,二,pictogram,{},{},{},null,null,null,null,井，挖掘的深洞用来取地下水。,"Well, a deep hole dug to access underground water.",一个方形的井，四角有木制框架支撑。,A square well with wooden frame supports at the corners.,null,0,false,Shuowen Jiezi + HJ corpus,2026-04-18 10:08:01.437287+00,2026-04-18 10:08:01.437287+00,"Pozzo, un buco profondo scavato per accedere all'acqua sotterranea.",null,2,objects,draft,null,null,null,null,null,The oracle bone form depicts a well with its square opening and supporting framework. The ancient character shows the structural elements needed to maintain a water well's integrity.,Un pozzo quadrato con supporti di legno agli angoli.,4,水井,water well,null,null,[],null,null,null,null,null,null,null,null,null,null,false,null
8d4035cd-b246-4dc5-a591-a2bc51f3c07a,角,null,jiǎo,null,角,pictogram,{},{},{},null,null,null,null,角，尖锐的突出物或有角度的边缘。,"Horn or corner, a pointed projection or angular edge.",动物的角，有尖锐的顶端和弯曲的底部。,An animal's horn with its pointed tip and curved base.,null,0,false,Shuowen Jiezi + HJ corpus,2026-04-18 10:08:01.664299+00,2026-04-18 10:08:01.664299+00,"Corno o angolo, una sporgenza appuntita o un bordo angolare.",null,2,body,draft,null,null,null,null,null,The oracle bone script shows an animal horn with its characteristic curved shape and pointed end. The ancient form clearly depicts the horn's natural structure as seen on cattle and other horned animals.,Il corno di un animale con la punta aguzza e la base curva.,7,牛角,ox horn,null,null,[],null,null,null,null,null,null,null,null,null,null,false,null
f1b33664-e803-4017-b05c-c6175e076e3d,祭,null,jì,null,示,pictogram,{},{},{},null,null,null,null,祭祀，为了纪念祖先或神灵而举行的仪式。,Sacrifice or ritual ceremony to honor ancestors or deities.,双手在祭坛上向上天神灵献上肉食。,Hands offering meat on an altar to the spirits above.,null,0,false,Shuowen Jiezi + HJ corpus,2026-04-18 10:08:01.836166+00,2026-04-18 10:08:01.836166+00,Sacrificio o cerimonia rituale per onorare antenati o divinità.,null,3,actions,draft,null,null,null,null,null,The oracle bone form shows a hand holding meat over an altar or sacrificial table. This complex pictograph combines elements representing the ritual offering of food to ancestors or gods in ancient Chinese religious practices.,Mani che offrono carne su un altare agli spiriti celesti.,11,祭祖,ancestor worship,null,null,[],null,null,null,null,null,null,null,null,null,null,false,null